userid,totalconversions,impression
AMsySZYoV2M8U5vP9h19ztUalihi,1,1
AMsySZb4qzN46VGq5y0uLFHq6_Py,1,1
AMsySZYq1X-Va7BgqqdqHLPsaEjc,1,1
AMsySZZwGavdVkg3c0tJTLxMZl7r,1,1
AMsySZabm2NDNJEb7_DpPAWFGV1x,1,1
AMsySZZENyiC8wnHp-ydAalEDhe7,1,1
AMsySZbV20BXiLgOiGCzQNg6_OL7,1,1
AMsySZad51nEpzN65yDY_ESFFqLX,6,1
AMsySZZd-sskr9lRXHtl4odpAhEp,1,1
AMsySZbOxeYIVsbS5JflirIsaTDt,1,1
AMsySZbZCegHepR0ptnPpG3s9JYO,1,1
AMsySZaYeIPpZFSG8VkBKYbNF_EP,1,1
AMsySZavL6ITOSmDv6d4oCFry1BK,1,1
AMsySZbrs6slwxlnNg7cyUg5Jn36,1,1
AMsySZZ2zvsqHDArTpK8KbkrPh1Y,1,1
AMsySZakq0FpJk1fr4aSq9cvCn7i,1,1
AMsySZYvMrdN_FjHQBeguz4_cmQy,1,1
AMsySZY9q0eX4Wuv6eBuvdb9LeRZ,2,1
AMsySZZ1LbXhTENVXlLU16l0TxZk,1,1
AMsySZbcYXM8y52SLOr5gxn2ctDX,2,1
AMsySZboBwAsmGKV_Frzqgt70Hsv,1,1
AMsySZbbWIUdXHaUE_Jw3nKHgZ1g,1,1
AMsySZZN_HP6d3kC_3PEQkltvuhI,1,1
AMsySZbC4RfqScFNxJMj9WfIdX8G,13,1
AMsySZYC9JJXpW85vSXvFzVgCQHI,2,1
AMsySZZQ1XywcWAlyIUAqTMnXFcR,1,1
AMsySZYCAZaNcWlhvyC9nSMF5Yfg,1,1
AMsySZbizzEmliX8JvlWnUqiY1qI,1,1
AMsySZb-XbYJqzm5kOmXAvrDZJJP,1,1
AMsySZYzXXszcVUorUt6gE6Oy6Q-,1,1
AMsySZbQejP5Jpk6qX2jFDbX-ibN,1,1
AMsySZYwbu5_26F0GwVv43hx0_3J,1,1
AMsySZY7ChNU65ONlsH102WoX7po,1,1
AMsySZapfieNT28AvLuicSCRNn-b,1,1
AMsySZZMb8cxnRGI1Jwa_jz9BBFC,1,1
AMsySZaqaAtCer13O2Mk9DfsTYMI,1,1
AMsySZbnd0GJ_1EmxEped58ayreH,1,1
AMsySZYkmczE-m-G30aRmZTVAr9t,1,1
AMsySZYztULetGeLfZDYnG6g2N3i,1,1
AMsySZbFHN56AIin4PI8v4xjP5EK,2,1
AMsySZY-qSimpHuHgus99bVqZVeD,1,1
AMsySZYiDZ3xzm_LnZRgUaKCFJL5,1,1
AMsySZavzNN_F-DJYeShEGETHkkJ,1,1
AMsySZZCVCy-icTWFBbb4gLIA8fn,5,1
AMsySZZt0tnBcb8_AWIypCc6u7mx,1,1
AMsySZaxMTY09e0U5_0CXk9iZsgQ,1,1
AMsySZYhKdEFUF8ttcDio5LhMAxN,2,1
AMsySZajSioGZ6-V4cDSLs3endUW,1,1
AMsySZZDZ4WIbYipD_8LQiTFWO-4,1,1
AMsySZY9hAad8_BdEYxlDFqlFa93,1,1
AMsySZbOhxlSEEj63QvLVGJ1y_E6,1,1
AMsySZaUA8bsxf06XHRoZm2uLsLy,4,1
AMsySZYIr8p66RhHPXKdxkKU9NdA,1,1
AMsySZY0iW6Et7chvVnl-Yr_pFj9,7,1
AMsySZbPlj6ZsVcXAGH50yh9o8VL,1,1
AMsySZaO3WZHFAzm0-4BXAi0kkCI,1,1
AMsySZYFV9bhNjmEQENsCrXC-9bv,2,1
AMsySZZUdWCxkm4_lKtoMYYDK_aU,2,1
AMsySZZSKAbZo-Ogapnu3nFYtGr5,1,1
AMsySZb5T_PvN3wt-LOtGEounIuS,1,1
AMsySZYZfDod_XuMrWkBZV93aigt,1,1
AMsySZaibAA-_kAm6yRtkkOwcwia,1,1
AMsySZYwm_3SCXektwP3Kw3NBON_,1,1
AMsySZa8dsVIBkYUfYiWUML6NaVy,1,1
AMsySZYLd2_zcmPnccT_6v9oIPek,1,1
AMsySZZ1MtoqU8TfgCHZD_WgqHiK,1,1
AMsySZYdaNGTvxK3NOm9-N4hbnUk,1,1
AMsySZZB_0D43bnZXR9rrUXf2lWY,1,1
AMsySZZhf7z1k-jj7Zww1-L96v0U,1,1
AMsySZYnfKlshNK--t7XNGE3X7yL,1,1
AMsySZZv9wmqRY2tysqohYjnv0KA,1,1
AMsySZY7tA178zqo9jqCXHVFOcoF,1,1
AMsySZZ_x_-rYumB1BeO2ap-AHrB,1,1
AMsySZbw63wBmkTIsyDi_xrlhvyy,1,1
AMsySZbPNmEwIKYd9mV-Sa03vX8K,1,1
AMsySZY3YDIx00eipWYFOTraenls,1,1
AMsySZbor4HfzcADbIatNHRtpTrn,4,1
AMsySZbKoZxtiNwsQZNH3pcjz2Fg,3,1
AMsySZaHX9Rd1V8c1s1bnkovYNvX,1,1
AMsySZaAbFfGqQcDodKRpYFbWoka,1,1
AMsySZYQJmdSyWw0e9jpR1w5nhf9,1,1
AMsySZZoPLn3kerOhg5aR7F5y1co,1,1
AMsySZakKMSEf6Erilvz8ArG4KdR,1,1
AMsySZbkwG6Ij7nuOBAhOeM_7T8f,1,1
AMsySZZlWGpTHGG4lDcCrgXqCED9,2,1
AMsySZZUSzwRHtEWoMGgAxN01EBQ,1,1
AMsySZbvumk6cZQuZFyQ_EbLA0El,1,1
AMsySZZUDWfozR2FLUTWtUiXmJDj,1,1
AMsySZbY9i4LA7tru1MAHN-O19UU,1,1
AMsySZZ896kw-st29YHtHqOAZgac,1,1
AMsySZaIVxAGAyQP9b2vviBgz96S,1,1
AMsySZbmlbV6r-VtrrG_sVy3vFiQ,1,1
AMsySZai8F82vNSQ3koBHqSUxnsO,1,1
AMsySZYMjt5d1ksaEFWRL_H0zGh_,2,1
AMsySZYcDOBjjooMAkaOGwtTFzPJ,1,1
AMsySZYFuwxFiwOCV75-1JFQxKDa,1,1
AMsySZapQ7eCItPDoYZ3HedDC5lM,1,1
AMsySZbcGykhA6d7aj5HXdinH5eC,1,1
AMsySZbGck0TN8lyFQtSXkId01hI,1,1
AMsySZattJuLL5z95fDGvhLbB76U,1,1
AMsySZZbVgpGMsBI05bhz6VYwyD0,1,1
AMsySZb7qUswyVTBInWrJjy6VXZz,1,1
AMsySZayhXRTXS8FSGrrWBfkXv47,1,1
AMsySZa5NjSBc4iknItX4OdQO7jT,1,1
AMsySZY5g_QDo-vSxMwhSKOPWjmr,1,1
AMsySZZeRXvUESMdCoPKN39QPvKN,1,1
AMsySZbLbpI3B8EuN5CudJZOKkaU,1,1
AMsySZawKeig_eramUMYLXlRJa4m,1,1
AMsySZbG0BumfPnp5O67mL-Y5IjD,2,1
AMsySZagHhVPY46RAEq-kALyuRKi,1,1
AMsySZYqDxc0jCZU0JN67Bsx4cWL,1,1
AMsySZZPrNonlPIADRvER3AS2Zyn,1,1
AMsySZbp9u8RP_ZWZNutXmqbqI0d,1,1
AMsySZZTZgQVcBWELfzdmUzGQiSY,1,1
AMsySZasr9KCgFM7JXqtaGbf1hZk,1,1
AMsySZZ3qJjdQ_U8n7RwIdv_NYeH,1,1
AMsySZYPesAdcOAxB_tvsqPm4Rdx,1,1
AMsySZbDzniJr5zDgxUJMs2ID-Jp,1,1
AMsySZYYG8kfTTH7DeWzKD7aaewD,1,1
AMsySZbOyzTd4ygBQykruIilaVHa,1,1
AMsySZaYs4NEitVjWU-gnF2fzQp3,1,1
AMsySZZ8X8SSl5bmmCZ2Z1a3injO,2,1
AMsySZb6W9hMf8m5bYoVQRyRgFLu,1,1
AMsySZYpfu7VVj1gKB4qWLaGf5fy,1,1
AMsySZaFTJg04TbyV3JqLXy9sU5y,1,1
AMsySZYComfwrQAbXU5w2qpZYyBd,1,1
AMsySZabwcLsspms0-UsMq8y6Ljw,2,1
AMsySZYCIO4izzJqynfdAJVzHU0F,1,1
AMsySZbWHQkeUJShQ0Erv9Rzn10L,1,1
AMsySZaPA7PafKXi97LG59GgPa3k,2,1
AMsySZawyGM_nzHW2YkAfhPJHPP5,1,1
AMsySZaQTWVGqwHNjTizzgrcWCGw,5,1
AMsySZaY9MNpP0OZoGcNIIBHq_vm,1,1
AMsySZaNbsUt1Ws8Pm4W3ShN2ljX,1,1
AMsySZavBo_2ZwDnqSpjcvEwFRRM,1,1
AMsySZY1tx4oAqvtEO-cv7CGFtxT,1,1
AMsySZanPHLIe-vr30bLbnrEw07L,1,1
AMsySZaHOdMw4YHqFdTISkoTX8ZO,1,1
AMsySZYLEqTf1MY03H2qZidP2lAM,12,1
AMsySZYBxPgHyAQX9U5L_r2TMvq4,1,1
AMsySZZHM189zTJS2tVUZg3JA8v6,1,1
AMsySZa59H0FFZLxg7NsRvpLdcwa,1,1
AMsySZZFrUh32vVXA9YDqoy2JxnF,1,1
AMsySZar2mxkYW3CNIoBhwtDHCs-,1,1
AMsySZad3OWekPbfaddQIJVJ1sbw,5,1
AMsySZb5ziC8o0vaRf03eM9WbkEd,1,1
AMsySZawe82K8DgyyId7W247ievP,3,1
AMsySZaYhygCQa5FgshQAmkmVqSi,2,1
AMsySZZeSTA8C6BSgaMwdfiuwQrb,1,1
AMsySZYE25zfx5k8hiFiNKLfDCTp,1,1
AMsySZasQVpgOXYQi8unHivQVZrV,1,1
AMsySZahySh8AzRFnKqdWikxR8fA,1,1
AMsySZbt2lcgKf4K8xsKL9xwng6E,1,1
AMsySZaRS4aL7C8XQTyxCuXtJBA3,1,1
AMsySZaoR8c_0r8o_fnHjFAC_v6P,1,1
AMsySZarEG8m6HLEGVowMN2-YPiU,3,1
AMsySZb8_uiy0Va7QG_5e43XJuq1,1,1
AMsySZbmL2l0UmI2tVImj3krzg23,16,1
AMsySZbqfMzOWm3M873O9LGbrNd_,1,1
AMsySZbkDisVT0N8rvhvXrrs4C5g,1,1
AMsySZYfXnJd_ux4XaJ1QVPp_tbG,1,2
AMsySZbXDvm0oKFHXkw_61Zh6V29,1,2
AMsySZaQ5hNdYTju7_gkWzcS-8SE,12,2
AMsySZamojRk2_n3zsE2EMdUGK3x,1,2
AMsySZZV9Uyc06gJnqryMME5wRqR,1,2
AMsySZahsGPfMOpjCi2GMpET8jGd,1,2
AMsySZbzLeEgAkTPEfe2Jy-WSj14,1,2
AMsySZbmLB2b9i_D6pBEa1OICVvu,1,2
AMsySZYXlJxlmg1TpVjDDWZvxHsH,1,2
AMsySZbQpodMT8vbX3WDUyRxyFVD,1,2
AMsySZa8v3M7ZtmkqLJEFfOI4Hij,1,2
AMsySZa1D4SQON8cTDb-V00PUjmd,1,2
AMsySZZCTpzHi8NOtAPQ_aSqfBUU,1,2
AMsySZbs7jtBW5BRQWv0ilvYTx7L,2,2
AMsySZYuExcWguDb_ssCa0i7cI60,1,2
AMsySZY1FdEQa8vzs3Kbsj-VYoss,1,2
AMsySZY1HnF7p3jt-_rYcATEMsS3,1,2
AMsySZb0Kct3vkzjQnFqIIFv7BiV,2,2
AMsySZYXK33gdSEZXQlUm3uM82hZ,1,2
AMsySZYOB1thxmWJYtETAFnXhR-g,1,2
AMsySZa58W33QMh82AQRU2FrWqeJ,2,2
AMsySZarUl7ycdJsNFzAP7y305Ql,1,2
AMsySZaEgS-vfCU1rVFWnH7PDTrM,1,2
AMsySZYRcvt9vnbVowOR2PfbQ8pm,1,2
AMsySZbAQqqKk3HENELW22WaMrLy,2,2
AMsySZYBHaakgj9tIl8Ydi9mzZHn,1,2
AMsySZa7sQZC_1688vz9rcq9H1yf,1,2
AMsySZZAp37Spgi3OVhloE44xK_T,1,2
AMsySZZu8etrn8tMiBiwAdflAh13,4,2
AMsySZabUebFZPPBR0CNwHbR5fQq,1,2
AMsySZZShuWffukd9nPyxCppkllq,1,2
AMsySZYd4ShFML0IivR6U_JcfWm6,1,2
AMsySZa_U-aw0FOFy7w5RJVhtLqK,1,2
AMsySZbnXw0hAe2bQpzn7ktqCm_U,2,2
AMsySZZA1GOjojAQAlop-sf2Y1TI,1,2
AMsySZZ8znhJowyboswF2Yfucpu7,1,2
AMsySZZJoiApNvElyvs3fRJJBPBn,1,2
AMsySZZuE6GlqB_eA1apdMcxdtUz,1,2
AMsySZbIVih3CjN75bH82kpFIhsw,1,2
AMsySZb3cQxsaJWdy2-M8apToT6z,1,2
AMsySZbEAyltEbcKPoO1RUhlNvJv,1,2
AMsySZYAbwL2LSWFcazWF3Cu8waG,1,2
AMsySZa1SssJrL5V1ZAt1YV2k4q2,1,2
AMsySZZ1Xpi3CX43VklZWVkjKmqB,1,2
AMsySZZvgJjAMvUe-nT4aFHgDUiy,2,2
AMsySZYVUbctDd6PkTTC_919FBU9,1,2
AMsySZbh1hMsNBjm1AsotGjteB8Z,1,2
AMsySZab3Ig6PkiKfKgeVBX7Yhvy,1,2
AMsySZZodCvqjNj3q-TMrKfLK_YJ,1,2
AMsySZa-vyQIu-3RU8zxSjwN_24v,2,2
AMsySZZhzt8ZzUnfHmKvUxgYI309,1,2
AMsySZYZaUsrqQi9QOfuRfPm7Rb-,1,2
AMsySZaFO2t8b18UhoFk3lp-PLAM,1,2
AMsySZbBk3d1qIlbCQkOruZAwpOY,1,2
AMsySZYgxW_hnvQfnTEy-WeLfG1Y,1,2
AMsySZYfXXqfixCMb-aLXKAOOpZX,2,2
AMsySZbnX1aEISJ_UfHcSiCtO3Qr,1,2
AMsySZbMAq5KARwQDzbRXW4i5nos,1,2
AMsySZaE2MFRMGog5c1yE3_fwtfJ,1,2
AMsySZZAj9IBWy8ou4tf_blKcOJQ,1,2
AMsySZYSl60KEn2iDjeDS0babPPS,1,2
AMsySZbOtSZfmUtwCBBx_OVojfS-,1,2
AMsySZY3k5FRIe9Y6oLUy6V21kvC,1,2
AMsySZZo27mH8lNep1JUmDAynvvL,1,2
AMsySZZtLQUHt44qTTMtYhw8hgOn,1,2
AMsySZboTTiwT4CmmQIXrL8Jn0pc,1,2
AMsySZYYOnaNa-c0-fYmivzgG4DS,1,2
AMsySZbnGJG-BeD9U_NC5xGq35vS,1,2
AMsySZbXWVfZlMKRvSn8NBlB1GSg,2,2
AMsySZaWugpWhZp1wggJM1racN9I,1,2
AMsySZanfefCwBorpQEVLQvj5TSs,2,2
AMsySZYdpuiNE7btXCaOBA9kXLWn,1,2
AMsySZa6VdKFxY6542JZyxFbE3V0,1,2
AMsySZY1dfCPR4DUaJWPzYg1hjoB,3,2
AMsySZbbEoUS-T8fKXjN1QhXlIqp,1,2
AMsySZb1AKuyhjwLNlHEKrbUc0IX,2,2
AMsySZZVrtHez7rytMI2F8X1Caxu,1,2
AMsySZYV_p89bbgpv7Yp0Sy1RXqv,1,2
AMsySZbiTdTvAYJzIpIA-FABRJto,2,2
AMsySZY6bYab8MBC6IiIJd6zS1qU,2,2
AMsySZaWiz3mfGXaZi-tgYgywtgT,1,2
AMsySZb-uHkk2nPW5ipKu57pLMj6,1,2
AMsySZZKqB_mbC93L9L6amul7m7r,1,2
AMsySZaZy4plTND6wh9f6SoOgwgN,1,2
AMsySZZUZMkOBIafXuyuYI-6gfdq,1,2
AMsySZaqRYKYSF7L8e54BvGyTjUF,1,2
AMsySZYCLzlWG9j2YaduZV9lK4Sl,2,2
AMsySZbWQxtYHF_VywFsb_IbLT0K,1,2
AMsySZZIxu7yCfpk0eixZR4UDGBD,1,2
AMsySZZ-4xGiofsUZiYWkAOrcLt9,1,2
AMsySZalihGlRfmQrzVWH3Sfn6Yw,3,2
AMsySZbc-n_8D65JbgBJ3W9-5wt8,1,2
AMsySZb-vrwDOcUpJ52GZ0aOnglD,1,2
AMsySZZyphsS6nqoTW0nalo-du7B,1,2
AMsySZbKiPJ1X5q3ah3kwghKG7M5,1,2
AMsySZbFIKYUcbiOPfa-_ZFs0NPO,3,2
AMsySZZFZihSfAlJyDf6jOb9kEhZ,1,2
AMsySZYLeKODPqpCVI0ufjPrzQV4,1,2
AMsySZYfQWy8SQO0gZAwdIPbsiVA,1,2
AMsySZZzvccHMuZhz4SZVsX6DS4q,1,2
AMsySZZGr_85rmh2gvK6kSIJ0oKi,1,2
AMsySZaFKS9IUsx07_m2tN98Fbz8,5,2
AMsySZaM4Jyqsu__k2htQ6AGgxeU,1,2
AMsySZaSJak5FEWyG3bLoBLFqjXD,1,2
AMsySZYk0wBtXHJTdal4ue2nfPM1,1,2
AMsySZZSG7BtFsJfvik4IwEXQUie,1,2
AMsySZaYeIkQ0YE9abOS3pSFcyrt,1,2
AMsySZZBJXgBYtLZcyat07SCplkk,2,3
AMsySZbmGfdW9roLA2Dy3vu_4_ju,1,3
AMsySZaDoZ8A9FhNcWXoHrtRw2Op,1,3
AMsySZYKu3o7dzMANlVfemE03dE7,1,3
AMsySZaYr0GG37eXISPjUfMChDQy,1,3
AMsySZa8uCzA0xf5Fz-NakQp4mni,2,3
AMsySZZGIb3faRvceGbo6yjSKDVu,1,3
AMsySZZR7ppWZP1p9JIwHLDsi5Xe,1,3
AMsySZY6MQr7ze1NYwHuWyXRt4iD,1,3
AMsySZZiGCoA82BvinVoN1mRiU_7,1,3
AMsySZbiyEAy971UJfX_pEVfktSw,1,3
AMsySZY_Yx_Bbp6Pad9Fc83maFhr,1,3
AMsySZYS1ESaCCQVoKATo0Jb98EM,4,3
AMsySZaicECcj1ZG8yYi5ZeCgTdW,1,3
AMsySZZUdvlSsNVNcD6ngBO38oad,1,3
AMsySZauNZ4mdH6K-GbeIYvaj8qT,1,3
AMsySZYN6m2EKc4rWG5mpEt-3Ebt,1,3
AMsySZY0kPWVOzO1tRIpaBaDisGC,1,3
AMsySZY3TgpWGfvj1eWopLlJgelD,2,3
AMsySZbrhyxy_Nz1KXq3kGbSmHCd,1,3
AMsySZafxZZF9VvEau8YS2-aWyEo,1,3
AMsySZYUiNsGOtbMHC2UE64X0OnP,2,3
AMsySZaf20JoheQyiv4SFtGbdzpJ,1,3
AMsySZagr8lLWKLm47yec31c9Jmm,1,3
AMsySZZ-CoKCigY4_HILi-Cr83Jn,1,3
AMsySZbJHQTciCPW9goO5SadLP_-,3,3
AMsySZZQJOyqXyZczmQSftRabQqk,1,3
AMsySZZNX7zFHbCH1BdveHQjUw82,1,3
AMsySZZ7XXaRe3tAdADWjldtSk5y,1,3
AMsySZYmKsx0sk_kZEH8Je1ZI8M6,3,3
AMsySZYDiaK387Lshh_0AGcD-i6X,1,3
AMsySZa4pctaXRT8Gg4M7WKreqxL,2,3
AMsySZYtiahC1pJWdgAzcK-RUEN6,1,3
AMsySZZCd0lkMtNIDlAVEYe2Rtss,2,3
AMsySZYRej_EMNptQ6FWAQEsTIj_,1,3
AMsySZarbAhIpC_dP1YGmymrcdM1,3,3
AMsySZY_sFpFaY-kB56eMCK1KDU3,1,3
AMsySZYfMOWdtZ-XlSlKkk49wNaU,1,3
AMsySZaIKzRUPCpvZM-z7IjCemAA,1,3
AMsySZawlMRHiSoA-r7_pT-ugdb-,1,3
AMsySZa_WYiC1B6_lqbnpgOmeL-z,1,3
AMsySZYzfCHMqMcgKUGe9y6sUNks,1,3
AMsySZa05eQ1EymZPH5Abb0NfAF3,1,3
AMsySZasTo_1LVEgxnav-aolYJSA,1,3
AMsySZbRqHSgr0stqym_eMY1w9iV,1,3
AMsySZYxYciPn6fa-EOCQ5XN2CRN,1,3
AMsySZbBBKwJ49Auc2GtQb3_GFjS,1,3
AMsySZax0PeVl7YZ3TGh4FAp1P2p,1,3
AMsySZaum5chKOfjFj5vAIICc-ZY,2,3
AMsySZav4g2g4XZdk21QfqJMo6Xy,1,3
AMsySZYHUHobCyJrQtjNnNOah3mZ,1,3
AMsySZbA7VV9wNAF2iwYsbXbA3V-,1,3
AMsySZaQ7ib8yDRsbjntBk6whJiD,1,3
AMsySZZ6z695v30Q0_WKg0UJtNTn,2,3
AMsySZZOqKve8Jo5201uYSdhq9cC,1,3
AMsySZb0TiBxsjMYDGH1Vm0ibC9q,2,3
AMsySZbA2nGY8Zsy_kdRg2h_dq9C,1,3
AMsySZYZN53z7vov8U6QOYj66xka,1,3
AMsySZbKqmxNrwg5fYR1a1tz7kag,1,3
AMsySZYqJVadnjJPiYr8p7uRl3RY,1,3
AMsySZZcrn50omP6So8nf3vutIyQ,1,3
AMsySZaEGn5vY6b-_aNgzgA4e8C0,1,3
AMsySZar53T2_iw_03nt-CX5hG6d,1,3
AMsySZajAPgE7Jy6hc8kjRg4Cy9q,1,4
AMsySZYr8ic4o7m4lkFuNypvj0wA,2,4
AMsySZbzTpZavycQqQStpg3Uij1K,1,4
AMsySZbyjeQPtYSZ-TLDj0gEpPZ0,1,4
AMsySZYbq87gX4lVuSrAqQWNWWqk,1,4
AMsySZbkSy0_01mCH99TgV5jQ5CA,1,4
AMsySZbCo_TeWDkASYdr5B_B3pzy,1,4
AMsySZaVbLPkn7LR98du6QpFcVEv,1,4
AMsySZbgr_HXHNSmRG0-0vW9Q44i,1,4
AMsySZZGJW__gLXMcTRvv2b-2bHx,1,4
AMsySZZKyfo8ofifsUiuCOUx_ggi,1,4
AMsySZZmBavPZR_xht4HqPEBBBFI,1,4
AMsySZbJXZ5hbxevQtzMIIFxnUgI,6,4
AMsySZZivQzc0oVCcB9lnFAw0AxS,1,4
AMsySZaxPS3434CeAEaW-kuQCbQX,1,4
AMsySZZDsdzllr39Iz7Z3_pwqda1,1,4
AMsySZY25fzdaTGu83JFbZW-uV0W,1,4
AMsySZY6cu_1CZQZEN3SbA2ODW_5,2,4
AMsySZYvwHf7YRKm7JooeXkho-ZQ,1,4
AMsySZb-pH0FkLTc3TNIAnKacDtS,1,4
AMsySZalClulUuBJEXEr8HoPG2y1,1,4
AMsySZbpV2S5bY7S7LFSRPj8x1Bm,2,4
AMsySZb7AWXlKlgyjzRdyuSi5M53,1,4
AMsySZaw-j8GyYAzJJz6wn0_dW55,1,4
AMsySZagOHHz0y6DJlKA4ZouXz7E,1,4
AMsySZaW8DH1b4Vm9qW5C7vYsIdw,1,4
AMsySZabYOLFFmEArTeMHpCq-RJA,1,4
AMsySZbGMeal0RbAbRFXeQ8jNmHy,3,4
AMsySZZfnSqN-WQ8sl7kn1V2qmMk,3,4
AMsySZZzUISH8Zmn-kD7fJRvuh4M,1,4
AMsySZYKhGb9S7dJyyyT4ShT5Ou8,1,4
AMsySZa-RFQ4CwVGKZoeYz1s9EH6,1,4
AMsySZbIImrHklw3aQKgp6P33zy6,1,4
AMsySZYvjJdPLxpT1oTVV4QIYkL6,1,4
AMsySZZFrBlXgfpsfDFv9vhGiIpz,1,4
AMsySZaRRVzlnI-DZuvzRVDKKHv0,1,4
AMsySZaTMk-s5qnqbh6janqvtL18,1,4
AMsySZbaokR2osTcIOHMxnhfsSOF,1,4
AMsySZbqzNhR8WW331pC5DovsDUG,1,4
AMsySZZCPHCAsa8niRld-epXH-E9,1,4
AMsySZbSlxnjVaeIJptFxagOcDNV,1,4
AMsySZb4JQ84Cm4TjTutrYPAn5Dj,1,4
AMsySZZ5W26GMfr0jhRYsfmB4Srd,1,4
AMsySZZFuE2v_SXN6KiDJzG0ChDL,1,4
AMsySZbp9VVWSPL1U-tSwo5EVzw1,1,4
AMsySZZoSGdiyQSU1x09ZV3PFg73,1,4
AMsySZateIQSJ9PQ_6H8X9BpKkNb,1,4
AMsySZYGnUdA1F8CuJCsFQtZW6mV,1,4
AMsySZazXucXrmpCXUsSLMDfXFtM,1,4
AMsySZZltOHuTudnTRrLZM2pASoh,1,4
AMsySZarQ9kBqp-YpQN32PJAwXhh,1,4
AMsySZbIVfyi-sQC5joBxBiO2Ei-,1,4
AMsySZZcvSbssrN0aSITryzPlAWV,2,4
AMsySZaw-7Cy5BDYwrW3FSoGBxJK,1,4
AMsySZboWrD5ULnL6WCkc0MkVILF,1,4
AMsySZZf1I2MOoR2V952sWVVQE6L,1,4
AMsySZYSayEwZ1609GRsz9kjZa7L,1,4
AMsySZbuxkEUxw7dbe71e5Hf8aOF,1,4
AMsySZZParr8gqBT1yzzvQxdqVCJ,1,4
AMsySZbajA4cjhpnN7wBmo4qNgCH,1,4
AMsySZbHdTS87JgttaxGSqVlVonK,1,4
AMsySZZXXAwzosNpRSXIQUvELeqt,1,4
AMsySZb8W_V1CE1cV9LZwDQFT0sv,1,4
AMsySZa5N3ImLZd4YpkrXM2Q8zDe,1,4
AMsySZZixM5Ycg4dFavXAEhsUBfg,1,4
AMsySZarmZ7aHMjGedkSAHecT10b,1,4
AMsySZZ2Xe0iY6vKREOl8awz2xst,1,4
AMsySZaAI0BCdH6Al7V6U3ErLJCC,2,4
AMsySZbINwfe6F8oI6ym0Pt8dWD6,1,4
AMsySZasV23oqw-kIRtoauTg1HKh,1,4
AMsySZb_EXBiyaFUIGG_6nzzMLZt,1,4
AMsySZYw2XJyQDbrZkfA8yOW_lVa,1,4
AMsySZZMObl2HdntFr8MH7np87bz,1,4
AMsySZZU8gCXUJdIiZP8SeT3rdbU,1,5
AMsySZbd7v8wtW4SHNVUXNwZgWK2,1,5
AMsySZZC-H4Y7yD--P_z4x3XGsj6,3,5
AMsySZa8U1QHUGkjZY1bWd94_PKB,4,5
AMsySZaB1MzuruipSwgZA4w1W27I,1,5
AMsySZa-X2eN4lzSrN-9VDsGcjHE,1,5
AMsySZZKUXOT_YBMtrOJkreQ-eXQ,1,5
AMsySZap9f1_mTz53oaH65J7Uo4c,1,5
AMsySZaaAtnTb-z4F2emGIJMJ8pZ,1,5
AMsySZaEyTtUgq9ByYZ9puIoBvgl,2,5
AMsySZbGAn6UpKU7S_S4rdXFaQq4,1,5
AMsySZadcO3Ws5JN9ih_h8Qb2W19,1,5
AMsySZa9jQjitJGGBjXEsCq6VsYW,1,5
AMsySZYruKrEEnJUblfmuWQGaGIt,1,5
AMsySZZaBkFj3MLZ1vAY6cDngizR,1,5
AMsySZZlCkTDIMuLkl5KHY6paz5J,1,5
AMsySZZKt_mTPN-dir0qXGM8bT3d,2,5
AMsySZaSKb0XXiSbiT8sXbiYqOHM,1,5
AMsySZYQBzdSIOocAMCGeM-GgOH0,1,5
AMsySZYW2kFTeUK2TxPkn9iOqZ-M,1,5
AMsySZaqT0r5FeTley6Enizobnvx,1,5
AMsySZZ-xnyGyn51jcKPFVSQ4Oz_,1,5
AMsySZa-lrRwU7GEw0IjvTDQxd7L,1,5
AMsySZaHCRO7LVw_4IV37mNZR6el,1,5
AMsySZZC68AZR7aj_vYy3VxHPPRR,1,5
AMsySZaNbRDMJRCIv6Hiq6cXvd6I,1,5
AMsySZaDqmhUSdYNk4-SDepFl2p4,1,5
AMsySZaVEckyjZRvNKdEjKHWgPjK,3,5
AMsySZZn2J4RNQXPBuQLlInlevVQ,2,5
AMsySZYGKUnfbpaXsLzezv55kNru,1,5
AMsySZaxQORpaQukeC2OqxQCe9wa,2,5
AMsySZbJPYlpwEuYHcnXTuoAAk9R,1,5
AMsySZbgKzv_Jo5TpsJiC5837fPx,1,5
AMsySZbVHFAf6fPV0Ww2jzS2tI7o,1,5
AMsySZYKbWd3Vu862kMp7jzZzk4I,1,5
AMsySZZBsIdnaeuQfskFCKp0xfEA,1,5
AMsySZYH2dz2nPCO2f4WTqIsUMH8,1,5
AMsySZaTwzb3b3krbEMP2e42PrG4,5,5
AMsySZanP-0uaKuiTPwvNvMAlXwa,1,5
AMsySZa9t1vnD8absQO56pWaj7-A,1,5
AMsySZagde-U3d6Gyrzm-UmgpxgS,1,5
AMsySZYEjQudwDFbb2rnQipHOZcU,1,5
AMsySZbuyg7rOLg0y6AR_1fZG0fY,1,5
AMsySZYwcExAEhrHSHqwDX-xJFdm,1,5
AMsySZZ3dt2cznF9Hv2-Foj-AaFJ,1,5
AMsySZaLmiirrrYgNtLlU_SeL_41,1,5
AMsySZYEvqqrmmb59XJ6TdxxJru6,1,5
AMsySZaCXC6-lnbBTkkgGctgbB9X,1,5
AMsySZalhw0sm2KbO-I_NoiBHm-a,1,5
AMsySZarfHYOhZjrdjaicRlHsmYt,1,5
AMsySZZjxYT7EC55MVMGJR_dyi78,1,5
AMsySZadmoAERyFR4_Y5puayLG9H,1,5
AMsySZa0tD60s9w87Jo1Egydr8OQ,1,5
AMsySZYULxCBddTIpOi-Xr8akLB5,1,5
AMsySZZ5HM8vR9pXirJP5ocTPvkO,1,5
AMsySZZTY1vbUE2R1Jw063DBid4H,1,5
AMsySZa6l3f4rjYuDahxJ2SbLiRy,1,5
AMsySZbk0ibzxwzLUl6B_PyuOwz8,2,5
AMsySZbw4aqno7Uwoxt7TgjFFJxE,1,5
AMsySZbo543fHU2A9pTlP7PPq-Za,1,5
AMsySZYj8VKmuUJh-p_HX-RBiQ_X,1,5
AMsySZbBfJxJMCbsjFXfn7C6Ejot,1,5
AMsySZYLhURgnwy0Ggl8RUepp3Xt,1,5
AMsySZYsFigcEoaPxmhjWuRFIkau,1,5
AMsySZY0rTjsr8-v5qApyO4hmepI,3,5
AMsySZbKosNpZxpA3Y0Tr7U5S9NA,4,5
AMsySZZVBaLVIYZ-CaI4sdcWKkaT,1,5
AMsySZZ_HfFcW_-cKFUwdPR8XWtW,1,6
AMsySZa5ITY35kXZrSRu5juQXlOH,1,6
AMsySZYsD_y1Zsh7WVrT6H1rx-Gc,1,6
AMsySZbgnPbY1TgzJTpA4gNK4k80,2,6
AMsySZaPcGhanxJT64lJNvwpGNXz,1,6
AMsySZa_9_k4lYdj6GnuaV3l-SS8,1,6
AMsySZZ0OgBdTrnK1sAYEQF0vcqg,1,6
AMsySZYiwxNDRrOJwJnp57AwpgLJ,2,6
AMsySZYGKN6VFheWBM8SSnqqPEIL,1,6
AMsySZbRcWojfUc5SAVvhU1Av8lq,1,6
AMsySZaDsQAVe_csssjgigw3qfMc,1,6
AMsySZaVRfE1rP3XlOiT88kTJnPR,1,6
AMsySZaPXfQoQxrX15587sd7ZYC5,1,6
AMsySZauy_cFmw0j_lcPSvxwaGgZ,4,6
AMsySZZi7g3QG0v1UiNaN4gkEpAu,2,6
AMsySZYcDY8q5OG6FTkuZoyX7ZIM,1,6
AMsySZae7YhrAXrT5nYo1oxiKf3A,1,6
AMsySZZc7wVidwHSbv7fc8VrNSWG,1,6
AMsySZY_WycNaUgK-u5G_L22SUg1,1,6
AMsySZZdNUjCXM_2F_Adjqcn29Ng,1,6
AMsySZZarUjxzmpagKFuj6cSKNPC,1,6
AMsySZaT0tAEs3xIQ6Em49W-RUgB,1,6
AMsySZZ7VXsPC-hXE59gXpvBB4m8,1,6
AMsySZaJCBZMEWgGy61ZYy5-AxaD,1,6
AMsySZaw6BexxFnedJmISL3X1M2E,2,6
AMsySZYPtAH69rlwebZQRRiX0Awo,1,6
AMsySZYUxwP3Sc_MIu7ySIabLt1-,1,6
AMsySZaKUsE5P9tWuAMQNKgnA8jL,1,6
AMsySZbNIY_v8ZdAbJY_muH3BrYB,5,6
AMsySZahIcpVWy5K_tcATrxMYE2h,2,6
AMsySZaOvrviZKXXZcP3Cljyttcx,1,6
AMsySZYVCR0FvtXprx7krFpz-saO,1,6
AMsySZaAH7rXOKqHSq9KGSX-nl8x,1,6
AMsySZYjadDVeIbXn6TZkIzja_jB,1,6
AMsySZaePnJPupSqtwYCeasZ5YgR,1,6
AMsySZaXb89YJCj-8JgtHI6c9OpI,4,6
AMsySZZjLLBU0q-ksvo9hamvcoMs,1,6
AMsySZY64sMdH295VyAk3LxGeyPp,1,6
AMsySZaGodVZwSoPGuyd5hcHuBZF,1,7
AMsySZbJ1k12Hbpxax5ncOWo4A_g,1,7
AMsySZapuJHqbpibHhUeNACl2E7r,14,7
AMsySZYucSM9vyjuLqGZ6wsKnMeE,1,7
AMsySZZ7qunKdISXRuo_BdGUGiZ7,3,7
AMsySZa9CSIhTVywQc5apcHQxvRM,1,7
AMsySZb4ao6yhoE6xmH6X_KhuBXt,2,7
AMsySZa5VzU-HxXojIoqZMiwU93r,1,7
AMsySZZGyVyjBUkZTcZaf6UFrvNf,5,7
AMsySZbTd6LkIj6zjcgtbPSd-Ivk,1,7
AMsySZbdFQZCLbCPPr5dPd7FTDwu,1,7
AMsySZaEHcjd9ABJczH5Vx9YAjX0,1,7
AMsySZaqtc2lGgiew5pz_BDNMNRs,1,7
AMsySZboOr51jHZ39fgEEucrOxen,1,7
AMsySZbIp0KOLkA0XWYfsq_huV1a,1,7
AMsySZZHT-ApayxUyR5DPMXYQnie,1,7
AMsySZYu5EJJnw8myOEfFckTTiOo,3,7
AMsySZaTXq8McYYCyIoCiCfQgr5s,1,7
AMsySZaElPAuT0_2UPMW4HvnI6FA,1,7
AMsySZZ4rP7KYifDQBCnkkXezkLz,1,7
AMsySZZEmdsN2L0_SRk5qLIi_HHJ,1,7
AMsySZaCBkbXHTjgmq29MF6hEqpT,1,7
AMsySZb4b85jM77_aJefgtWC16B-,2,7
AMsySZZ1GMeC753J_iYxB06xmmh-,1,7
AMsySZYvzxpeosZ4BL7ckBZesWWR,1,7
AMsySZa8qzolohvTARby79AaI7t1,3,7
AMsySZZ8it5vEhXVuwF61lzH-lPI,1,7
AMsySZaZZPOWc6ZEGkuh00QEoqxU,1,7
AMsySZaqyEwPkmQpMPg-SNAk_fQL,1,7
AMsySZZlyQ8f1G3VKALhxEx-yFKN,1,7
AMsySZZuaSi_p4Z8qpM634_9o2E1,1,7
AMsySZbPHj9_F4mlnRGPWgZc-M9X,1,7
AMsySZZyRpzSQ4FPuJ9TiXE66Ig3,1,8
AMsySZa1LW5VktT7KakFjK5KFZ0t,2,8
AMsySZZGLf-wOpsaa2yQpmRXIwTn,2,8
AMsySZa1Pg3jcK8E9EliDpB9pKIO,1,8
AMsySZZf2e4RWk4O4phGcjBNlTxg,1,8
AMsySZa_lmc7pKmijwneplk_jzsm,1,8
AMsySZbzLmpWzJQvK_Bvd_eXAUwp,1,8
AMsySZZ9CHmmY0GrQcHpMcirrkzS,1,8
AMsySZa0DY-Bi0OPx4KGzjrmrm7u,1,8
AMsySZa4CpzL5fuiN7c1wQGLIfwn,1,8
AMsySZZ1l8AhMEHjHByrYVFsUiC3,1,8
AMsySZZrc9MBUvlcgjoNGxxVQgvf,1,8
AMsySZbKNENvDFbh0iClLn4zpTin,1,8
AMsySZZkC5ZRvOCeADuSW4scje1G,1,8
AMsySZbvvFPr15jV9Kob8vFKPrKa,1,8
AMsySZYVSYlgkpSMZbRkzJZR4O8H,3,8
AMsySZZKLezCYcQTaiLC58xIL4FK,1,8
AMsySZbHOq7cX8O9nyX5wBjQupdR,1,8
AMsySZZWw31t2xgRIMUK9J_wMJKB,4,8
AMsySZYP7prhAlRNAG0GKjwkohUs,1,8
AMsySZbtEkJcN14cHQHVgXQhHOuO,3,8
AMsySZaetP6YXnOwFYWncnrUaGaB,1,8
AMsySZZAMLFOTxycLSSJJwCinwH-,1,8
AMsySZbhzwZE52SWZD8xM6RPlIs6,1,8
AMsySZaj5t7HeAPk4Uvsgie8nxdy,1,8
AMsySZYlk3F0r7PcgOIxwqUPqx9h,1,8
AMsySZY42JvMV2jkcqkQ30tvew9H,1,8
AMsySZZT0-6-Iel5S1EkjNfjWByE,5,8
AMsySZa5Qn02yz0sb2WekfwcaGNX,1,8
AMsySZYHdv5PBqfr1L9Awd0OnR3m,1,8
AMsySZZwuV6vFFPsEuukxHWjpuv7,1,8
AMsySZY58cyduevTO3KJmKOOHyma,3,8
AMsySZY6851OdFzeT6t13E0sZpST,1,8
AMsySZYK-_D-lvhNeccPOl90MQ4B,1,8
AMsySZbyOHbdkxmn9YB7gm-lyLGk,2,8
AMsySZZHW1kvo8mbQiBavK1KP_kp,1,8
AMsySZbFdoP0gzaolGjEmzJ0TDte,1,8
AMsySZZ-UySzoO7nyXobisbT6N26,1,8
AMsySZZS3gr1Cig-AhnG6R4-Ur-q,1,8
AMsySZZlirTWVTKpGeu3uGIEJQ_b,1,8
AMsySZYRMdXdElSu-3BhOw2GhcPN,1,8
AMsySZbjwylgZ0fT2AS3sBcncpq6,1,9
AMsySZbuuvA-e-xFe2Ktj0YpOegM,1,9
AMsySZaRLooQTApTUeQCRJqL8F5q,1,9
AMsySZZvNs1_4UN6y3RJF1yluANm,1,9
AMsySZYyc6zHupN4UiCPqFxlde2w,1,9
AMsySZaM6t6JQvJ4AyVHncWb5CYa,3,9
AMsySZbwa2KLsY8N-8CWiQwV9KGs,1,9
AMsySZYjg3EbL56Rgc0EMdEXylnI,1,9
AMsySZbkIDJ3bpzK0aVX0a1BjiLT,1,9
AMsySZatJ6VUERqsy00VA-qlzB8-,2,9
AMsySZYGAwKBo1p3wbWb3FS8Jyrz,1,9
AMsySZbRxoOaO_eSn5dacqK2Y6Y6,1,9
AMsySZaLt-oaDmQDLs-qn6kAN3NV,1,9
AMsySZbJqTiyOQur9HFRzbe80tP8,1,9
AMsySZZrMSbpUylw3nrpYFlMejC0,1,9
AMsySZZ6x1T-o3yPFOSoz-L9WcSs,1,9
AMsySZbC-djxzfdn38Ank3pICR_w,1,9
AMsySZZK9_qc_IRUzYxPwqUVwZop,1,9
AMsySZb4gwrj4c52W7wvN7wC0m9a,1,9
AMsySZaChia5WhBhaqyP_hdso8HT,1,9
AMsySZaSt4cUQ3aBtvn-PCA8_WDd,1,9
AMsySZbq1IX78kAoIrJe0tY5j-QL,4,9
AMsySZaX9DkFvgIZLIdxzZhR6uiE,1,9
AMsySZZ4cupGI2znDfI2j-yVk7sg,1,9
AMsySZYKLkoQp9WATDNNT0MFxcML,1,9
AMsySZZHwOC2HkPTVJu0OewLsUmF,1,9
AMsySZZDOhtiaZbd1wxZVrhLesrs,1,10
AMsySZare8cvGZGGMOek97DCBJAQ,1,10
AMsySZZqiwvAPTz6s9U73F8NuFpp,2,10
AMsySZaZO_huzrGvV9GNcRRezsP5,1,10
AMsySZZ0mU45KLviGRSYSY2Nt5ol,1,10
AMsySZbM_4X_hw2ESjUAP7BbF9DN,1,10
AMsySZYX4Z-h7npGKAkmiz_nMGwv,1,10
AMsySZbxs_1SQKLi6Uk5mElBuBaC,1,10
AMsySZaVAI_vMJ-RV0Aqi0vVYBWz,1,10
AMsySZbEENTtyWVlMoDbFb-EcXtl,1,10
AMsySZbGu9TuYAln0Pv56mA84XuO,1,10
AMsySZba7zrkgUedPWi9VNstSq__,1,10
AMsySZbBwTSE9n00cmMPBHMt6gzK,2,10
AMsySZZ0AP-hO-Ofal0NqRDCPcr5,1,10
AMsySZYuu__7x8pcT-s-BA0Dssai,1,10
AMsySZbU3H9JN7y89gPcR8P7i-so,1,10
AMsySZZh1J82Gmi6hHeq8g1j5X7u,1,10
AMsySZYNXFnxkf6VFHaXJvizbdQn,1,10
AMsySZZLpoJ0jE3UJcT6Qv3ZYZum,1,11
AMsySZanicFtJz5uvbnlRn8exkx6,1,11
AMsySZbXW6HV4m-AeW7Dp3UukLlF,1,11
AMsySZa9JQ8pRJfoppPdDQPUcHTj,1,11
AMsySZb-wpu1WNeIy6U44Qp-SyGW,1,11
AMsySZbOwgj43brzbWAFfEq1NxnY,1,11
AMsySZYd17B7gF0MeZ88vPWPj0Qx,1,11
AMsySZYUz0S1v11Xie0dDkgs6kOv,2,11
AMsySZZvO0q2hXdmTu7vL2NuZ9GR,1,11
AMsySZaRJ5A4l3Bqyj3o2pTK56wU,2,11
AMsySZamL5GxWqpd9IbhEd3ELvzn,1,11
AMsySZYlQ9SL-AcNHcHxS17nJdY0,1,11
AMsySZYQujmDMrH-8UlnRsLExrOL,1,11
AMsySZY9JXwcbMXWbjO_GUiWgjea,1,11
AMsySZZCgwELY20QLtpqceu9Kk6i,1,11
AMsySZYJ1zJ6GCWpYAvuWydWsdYz,1,11
AMsySZYKPZsNB0kEvXjdph7q3T9u,1,11
AMsySZYnnGoc2dIfzOwukoxXutZa,1,11
AMsySZZM5dbFD900rxI3kEJ-6lg0,1,11
AMsySZZIjkn3ua2wXCqijQFA4PPX,1,11
AMsySZY6KZxVcGH5IOyK4bwppvVX,1,12
AMsySZbpImPYb9jqs77p5dh6x05g,1,12
AMsySZbSy13waeimLHtIoOYC17YW,1,12
AMsySZa27xK8EFJgAO_g5jzYEjfl,1,12
AMsySZa9y_cz-6ZvmB46vF-Q_gqt,1,12
AMsySZb2vVfD-WgJ2l9w847q8C_R,1,12
AMsySZbB_P4t2sGJ2I3Rb3F_z4xT,1,12
AMsySZbnvPv--vZ98dewYDfr8Z8H,2,12
AMsySZZxEXHEstE4rG3z0mejqvfc,1,12
AMsySZbEAuyzWlBOPnfsKtq4Pknq,1,12
AMsySZZRMhgKoqAFufJtvm0cypCA,1,12
AMsySZZ8wM5bYwp62J-D_CfMHOWA,1,12
AMsySZaRIRlc5RnXbveYT21iob4i,1,12
AMsySZZFyW9Ln7XCpwLRwSfOR9V4,1,13
AMsySZbHLdlMbTcxTYMsudZjwG_G,1,13
AMsySZZNtbmgCF3yIqXkxiw5xBrQ,1,13
AMsySZZCxkuobC8Nm_PqKb3idfyX,1,13
AMsySZYpbyxAYdJ-GYwlrvfSBqAu,1,13
AMsySZZUYaATYGCaUEDv3SZUDG75,1,13
AMsySZbOSLs3sT1qmqhQsHcm9EtZ,2,13
AMsySZahUODvZ3OTX0HsQFXAdzWN,1,13
AMsySZZaOON9aJrCw2yJec0Ro-Dv,1,13
AMsySZYtlFhYHOv-pJ994W0M8Xwv,1,13
AMsySZYxQ4iVvW09kqzqnqKtWMgO,1,13
AMsySZYMX-hdC_cz4EYzSQ7qyxCX,1,13
AMsySZZFgFMwSS1V-ciBq5fuXrTU,1,13
AMsySZY358dvwb9AgfiBljGH9yxD,1,13
AMsySZa1j0k4RyYURxCN_1ruHWf-,1,13
AMsySZZa6PuqbPuuD4GEgqo1c2Xz,1,13
AMsySZYoYQRf6HdflNf00PmjTCEw,1,14
AMsySZa30f7QtuF3_mnFd63jnhQx,1,14
AMsySZZ3UtziEBsZxRJSJI_KDG-2,1,14
AMsySZbMZ-0TejDfgSKlWOwfldm0,1,14
AMsySZYxNi4PF0XMTiGoGIFI5nkM,1,14
AMsySZbeRSmJb04rjpbAXhCYw6fV,1,14
AMsySZbdRlQFwAO3Wvjh0rJo8WAD,1,14
AMsySZb9lm-RQKZfN4p5uOUCKP_6,1,14
AMsySZZ_R_2QhWliGw-k1xLMe_vy,2,15
AMsySZac3geTAucMennA9DSSXf5Y,1,15
AMsySZZSAW0SEXTpsUwJ-bTbBTDD,1,15
AMsySZZuc-Nurv4wkLcZIJ2T58BY,1,15
AMsySZYA1Kwf5-lrPOjD9u7JBrBa,1,15
AMsySZamPNtnJa9pzfKnDOaFzT5U,1,15
AMsySZaWndznuyehmaNi4ODrFBoz,1,15
AMsySZZmaKq6YTQi3hdZurEipnvN,1,15
AMsySZaHE9Dj0Tl7j4NZpqXg8wIk,5,15
AMsySZaLkphuDJ877D-eLI3oV4L8,2,15
AMsySZZwTF2oihREjPq07JoGy76H,3,16
AMsySZbbTclrtkjCvVCOS8yHWvt_,3,16
AMsySZaUJaTbJGcrNxbmEfS_MFEp,1,16
AMsySZazQBSfw2EKLDntgrF_oMw9,1,16
AMsySZboJsCFmDKJuUIKFhUmtR0i,1,16
AMsySZbO43CWzzFwL6le04ErFd-T,1,16
AMsySZYAIOu0HxH4B1YnHDmy9ulC,1,16
AMsySZbVEnQRRtbsvgBKIpczR_dJ,1,16
AMsySZb9VRiUvxCr9VjC8rkCt7nJ,1,16
AMsySZY0qxweFh0bMo3FbOAxxsGO,1,16
AMsySZZVw4WK2uKpua-dgjoNee3w,2,16
AMsySZZbS2pN8_d66L_i5dwlzCgC,1,16
AMsySZbgxTs57NTAn1Cz5k8TMh6u,1,16
AMsySZb3EXg6v6GcQ956lnHkjv1o,1,16
AMsySZZh5a1hIZ_K4lFDxi1VzAPX,1,16
AMsySZbA-z5Ss_Kx0lsBNdLNMY6d,1,16
AMsySZb0w-aNuWTxtwgkLiBjjtCt,1,16
AMsySZYJdfGL9RgSB1hI64QeJxJU,1,17
AMsySZaD4ALj_Ljr5ogCIL794ih5,2,17
AMsySZbLhp4A4MOhmGYg78KHGBH5,1,17
AMsySZY1enRw1_R3QS1F6Uu7WDVe,1,17
AMsySZa8SVaAc7qCP-A2TwHdxmAU,1,17
AMsySZabRU4PZLrddlyiPwoD_vYN,2,17
AMsySZY-gEmQks5DLrb3bdabL0yn,1,17
AMsySZYVQKcosBHXdrus9_68107o,1,17
AMsySZYjxf1A4P1h0wulagdYvtIh,1,18
AMsySZb-ZEVhJf0X_QjngAN_4VUH,1,18
AMsySZanhRpo9OXttnYWAAkAwjlX,1,18
AMsySZaXhZiRYlum1w3sIbnSobO6,1,18
AMsySZag28b-2XwBllNM1OZ-Ny-w,1,18
AMsySZY20MaCFyxw8GNoUNREJiBH,2,18
AMsySZZ74XOibVabUneHQRZGfkHM,7,18
AMsySZbvSt2zFq8HDblaoevhmec0,1,18
AMsySZZVWWQUd8Es4kTwgNCtQwLV,1,18
AMsySZaNTOzpu64G9AK2rBvFbRu2,1,18
AMsySZYL4USdbJ0XaAQq3Vuy2iX9,1,18
AMsySZZoT2Nzvhr_SswRx_waRGcj,1,18
AMsySZZaIv1uK6Ju0CoV4QcKQpRw,3,18
AMsySZbKKIGuqzkZAS-80r_0sCde,1,19
AMsySZY7pTFnzfH3Z0L6ZeURfjYh,1,19
AMsySZbZSVrncw9IQ-o1QAakYqNi,1,19
AMsySZY4rFoQjqcyvn3WSKymt-um,5,19
AMsySZbT0mma-wOT0XhperuJB4A6,1,19
AMsySZYg0ZqHTZSxU6AJHHz676rw,4,19
AMsySZZO9P8INsYh72umNn2C-uuA,1,19
AMsySZZHJmQjxKTHrIUPgDRBzpQZ,1,19
AMsySZb-REve59ea88n9ST50Ddae,1,19
AMsySZbZUoC9lyX3lERQql9VaLO9,1,19
AMsySZZHf5hL4QnXZBNzGzFL-tfm,1,19
AMsySZbh4E-xA1M32WMt7LZnMJaU,1,19
AMsySZbh80Crr_5hcg3ewUUgiLxS,2,19
AMsySZZn9O5QnmG9JDUYv4o40Vj9,1,19
AMsySZZHY0Vqv1rPZO9KPxLrhLlF,1,20
AMsySZY6CxDDBumJbEy6vVUkmVz7,4,20
AMsySZbc7AkwXEKHPF-jcwzFVNdP,1,20
AMsySZYtdWRWAR0NKVo8JCIuUVC4,1,20
AMsySZbH1y4ApLaoXS-D2DhpyfIN,1,20
AMsySZYEO3qkwEVRezfuU7epnpfw,1,20
AMsySZZhZcZQJMo-mF2fKyBFXVCG,2,20
AMsySZbLEINdDpTa8ev03QX1ygp5,1,20
AMsySZb2ey81la3gxKq1jf2tuL_R,1,20
AMsySZa00uVLxb_JVAGFUHpU9X24,1,20
AMsySZYDQh4EuEbzXnpp3SQQfG8_,2,21
AMsySZYq_aGymAbcC5p9_2F4Zev2,1,21
AMsySZYUY-27zVNNFNE-vyP03nqD,1,21
AMsySZbroVgE1_Zoa1XEOBLk2t90,1,21
AMsySZY6Ge9q5Dk105d0dL8yvpa9,1,21
AMsySZagPtChVo7tVFH7cbVyBL3s,1,21
AMsySZaQWa5T4cSSEhGjVLbe_MsU,2,21
AMsySZaDTaj4HxFPND3bZ1MxyrIi,1,21
AMsySZYeKJd-6O6kk3jtB1FstaY7,2,21
AMsySZYi0bRCVs8zmv86jEU3TJo2,1,21
AMsySZZxEakWn5tsSpFiCeIfa_Ot,2,21
AMsySZb-mGuozzw04cebv-CyxGl4,1,21
AMsySZZ5-RdamPpdqNF6hfAyxMEm,4,21
AMsySZaFraHn2MLwn1b7jSXggYvt,1,22
AMsySZYwo5GAliuf3Dv7ZIWi1MZV,1,22
AMsySZZqOovVWSM0r0LTrTPT7eat,1,22
AMsySZYSH1V1q9tmU384E21jz-Gg,2,22
AMsySZYrsfPm8S_4LLamPkXzPO92,1,23
AMsySZZcjTwbN0vk7Rgg4QsSscgh,1,23
AMsySZa31PyyH1KMtN7gbqluR88W,1,23
AMsySZbtBW4ilB2wq75FHcJ1yK8w,1,23
AMsySZbTfTr7mRLLFyWfQa5vt2lX,2,23
AMsySZZFWqrrMAelU-zal8bPsDuX,1,23
AMsySZbX1Jijy66UnGuDPRhdjXwH,1,23
AMsySZZPl3BB3KQfZ_EedrJbJIel,2,23
AMsySZaXyJ3szdci18dDoEHLaTPf,1,23
AMsySZYest5Tf_x8UuBWMFgWRuOQ,1,23
AMsySZZFznjH75UAsEbyIIMGbsv0,1,24
AMsySZYiQvNc_gmAdbZ893QDincc,1,24
AMsySZYjaQImrenXoAPRtOyexGqH,3,24
AMsySZbB_DMRLyB4hmDLyIhsTseG,1,25
AMsySZYNBEggH-4zYHUmQOYCIJFF,1,25
AMsySZYG6nNFrt7R0ElRNwkqTolP,1,25
AMsySZbzOaE4eVDfkN6zG2NQNPFL,1,25
AMsySZaDHG5muA2djZnDSlhiB6uq,1,25
AMsySZa5E6sbTt11metMi1joPNLO,2,25
AMsySZYpm4B7AsImBPTyHqs5AZpJ,3,25
AMsySZbusMbRfNwzCQQVZm868M3e,1,26
AMsySZYJAnRA6ZV6YGKYJ1_7MMso,1,26
AMsySZa4Umv1zkrXPgyuDsnLLozT,1,26
AMsySZaj_rfSPoVy4mtFA1ttdzBH,1,26
AMsySZZQAXdHEf8wj143-BwOy47Z,2,26
AMsySZaKUcWslZ64BklRKsyJ-OOp,1,26
AMsySZZVNMKKtzuK9hVYqSF4Ubro,3,26
AMsySZZwNPhPIWMlCISYpfM6jYEX,1,26
AMsySZYzbIs6gK-iyR4nAbee0or8,1,26
AMsySZaqVd_8OVA7by4NCmMt-3Rg,1,27
AMsySZYwk3hht7yZmzF-DOLcjL6i,1,27
AMsySZb3gjQl6NqwjAgfs5kp1EQk,1,27
AMsySZYY00Aq_akevpjSiFTx3WUY,1,28
AMsySZZH4QR9vqjKTSAs4sRUnbRV,8,28
AMsySZazzURPJL3Zs53iCtXhNot9,1,28
AMsySZbqZBjrsxJLqQVMjYVV3nD_,1,28
AMsySZYdR5Mde2rl-T2-ReWWTM_f,3,28
AMsySZaNGcfUxqXCkFxEll3M_9th,1,28
AMsySZb6jQA_8HGSNOCiFv7jtsR_,1,28
AMsySZYFOYKG_xJbHB-yoj1uSaw8,1,29
AMsySZZAeqiyVMvge51vluY7PNfZ,20,29
AMsySZZE3LXpaghAL06c6ao1dbai,1,31
AMsySZZeW_ksUcd92pUW1dQtXB0R,1,31
AMsySZZS7lKIaixbz6IPa5AzC3CS,1,31
AMsySZYtXfMtDxSzFh2P5XiedPgT,1,32
AMsySZacKTKzQAFkcEbVgvtg6kG2,1,32
AMsySZbAwVmwu7HKxr1wSJdrB4Nb,1,32
AMsySZZVL4faVC_qGYE5Q1vWKe7O,1,32
AMsySZZW9YT02omjqg8BUmwnbf7U,1,32
AMsySZYotsjq3sYk8nx4bBpuoHvn,1,33
AMsySZbPTgFWcUOyApG9ASxn1AWr,1,33
AMsySZau-w_gCGgyE2aIafYOqKQW,1,33
AMsySZYiagJepp8hq2uuCKpB_t1N,1,33
AMsySZZmvmZ08SraRhwfxT0FVpE-,1,34
AMsySZZRDG6uzmwId3eIlJ70IR1E,1,34
AMsySZbdIVzzHKzf40Ntmb6biD8F,1,35
AMsySZZkH431nm81xROBmIpHgbpG,1,35
AMsySZYcgOGm-nTmmaclqBFw8nzE,1,35
AMsySZar1N8x8nnGfhlYxJi0p2Ks,1,35
AMsySZaCznN10AqwGEZLQrTmxHfj,1,35
AMsySZaP2xoEqcra89lGqtwdOfqO,1,36
AMsySZaNSJWXk7dDt1jHP3B1Qc1Z,1,37
AMsySZaZkmtfkhve9f2tBPKCf00m,1,37
AMsySZZQ2lEmQC7MaKa2-Hwgy1zx,1,37
AMsySZaIFeKRXxys9vj703DKHsXw,1,37
AMsySZbQFbhMSowV6XYyJnBvZ_U-,3,37
AMsySZZzPWfJ5D67MLZ3UIpgIWwL,1,39
AMsySZaEuttenjXM-mhnMgnALQDh,1,40
AMsySZbj79bDImO4FpUmtqSP_Q9z,1,40
AMsySZaDjSuxspj6suWV9dAxRs6o,1,40
AMsySZbhSz20fBwNKkh6RuGDkT8q,1,40
AMsySZad23CjL3UO2yFJ_9husEq-,1,41
AMsySZZno3Dz3Kt0IywxowZG5JWV,1,41
AMsySZb4ohEzIJc8-hf4n7X9FM_N,1,41
AMsySZba-Zl5tHl6yH85t7xLB8gy,1,42
AMsySZb95S3KdJerwnx6tikhRvWV,1,42
AMsySZajPD4wmw7XvYHRNgNEhbkQ,3,42
AMsySZbgomIrUmKjBhI36bb7zEgL,1,43
AMsySZaW87GYBBmawGDM8R6pdDvW,3,43
AMsySZaVUPdixLRIzS6Jx2aVGc0Y,1,43
AMsySZaxb9U-qfMDtR3dWB_YU8VR,1,44
AMsySZYCiEy-pF2X6X3LxbDmcTez,3,45
AMsySZYo8RL6o4eEImCv-uon78qh,1,45
AMsySZaSHK4gxKZNi6UtW9FJYXdB,1,50
AMsySZY6tPGtuy7h20cjOvDmtf62,1,50
AMsySZb5MFB6BDWExmhwpatuZERf,1,50
AMsySZYifA6LJ8W8OEHPDRKe6wFh,1,51
AMsySZbcyS3JfL0O6b_dglvdW2Hq,2,51
AMsySZbKIBKHGov02udxbHgR358c,1,53
AMsySZZ-QNj-vJdNchxJoOGfMCD3,1,54
AMsySZaddr3KO6puRbFLsQIIEUZa,1,55
AMsySZaqOl2uNwlKPt_TMRTMts7_,1,57
AMsySZbdoGv5GTeSeMcZgRuewsTa,1,57
AMsySZYlDIwAC14FrnlfywlnYOJu,3,58
AMsySZZ_U7LRPiGPI3mIVFM4KrmE,1,63
AMsySZZCTj3TSGpFyIViZjCpvUdz,1,65
AMsySZZqB8FJfS3ZqE-FxQtEtkr_,1,69
AMsySZZoGh2TTYuCLrrpD5vf1_hu,1,69
AMsySZYQTSR182qoAGnc3hYpfsGv,2,69
AMsySZZocgdvFIlC7yZ4qSmasoP5,1,71
AMsySZa21wbNsgc4Zweh_Wdw_fcv,1,73
AMsySZbmgISg-uU7iiB2kvR_FGw1,1,73
AMsySZaMNiMAOl3rnuEaZazEh6vg,1,78
AMsySZYn6mNArkNaFL3uqrCd9_AH,1,78
AMsySZYFmpTmKGgbRoSVyNHB_wBZ,1,79
AMsySZaEgnDwwisfO3MMY-P9mHPn,1,83
AMsySZaxByj1ZROc6IGllBYOobUZ,2,85
AMsySZbm_EKAY-4gR0sK79C5x9j-,1,88
AMsySZYc-oiws6zfEjDzIljIqB3d,1,97
AMsySZZGIJKW2ziIz_SlU6zqIk-D,1,99
AMsySZYhjKo2uDmxWtNS3A4xwdBv,1,103
AMsySZaCHxG0oW7pKzQQ02VPMtTD,2,113
AMsySZazBUcsmG0IIsAs5pzLRewB,1,114
AMsySZaIsany-kE4fg_4AuBDGnH0,1,123
AMsySZYhJfhqswXKvcRrhojw_ne6,1,145
AMsySZZTMJiawgmD-VRwm8widPSq,2,154
